run_id,strategy,scenario,seed,mae,rmse,detection_delay,drift_detections,anomaly_detections,false_positive_triggers,retraining_events,validation_skipped_events,candidates_generated,gate_accepts,gate_rejects,shadow_promotions,shadow_rejections,model_promoted_events,degraded_promotions,degraded_promotion_rate,time_to_first_error_recovery,time_to_sustained_recovery,total_retraining_time,total_shadow_evaluation_time,total_adaptation_time,mean_inference_latency,stream_length,stream_mode,scenario_onset_cycle_min,scenario_onset_cycle_max,train_fraction,validation_fraction,retraining_interval,raw_csv,summary_json
naive_adaptive_concept_drift_seed42,naive_adaptive,concept_drift,42,14.713511680187912,21.144416017448624,518,11,82,0,11,0,11,0,0,0,0,11,0,0.0,1,14,5.630673600098817,0.0,5.630673600098817,0.02340307262473895,2400,interleaved,25,35,0.76,0.25,100,experiments\results\raw\naive_adaptive_concept_drift_seed42_20260825_024338_events.csv,experiments\results\aggregated\naive_adaptive_concept_drift_seed42_20260825_024338_summary.json
naive_adaptive_concept_drift_seed123,naive_adaptive,concept_drift,123,14.798172889849127,21.133064208536013,166,12,257,0,12,0,12,0,0,0,0,12,0,0.0,1,5,5.73458170008962,0.0,5.73458170008962,0.022718846833389154,2400,interleaved,25,35,0.76,0.25,100,experiments\results\raw\naive_adaptive_concept_drift_seed123_20260825_024715_events.csv,experiments\results\aggregated\naive_adaptive_concept_drift_seed123_20260825_024715_summary.json
naive_adaptive_concept_drift_seed456,naive_adaptive,concept_drift,456,14.23282513712272,20.88817162693879,134,11,233,0,11,0,11,0,0,0,0,11,0,0.0,9,13,5.171390399977099,0.0,5.171390399977099,0.0221328682917859,2400,interleaved,25,35,0.76,0.25,100,experiments\results\raw\naive_adaptive_concept_drift_seed456_20260825_025048_events.csv,experiments\results\aggregated\naive_adaptive_concept_drift_seed456_20260825_025048_summary.json
naive_adaptive_correlated_drift_seed42,naive_adaptive,correlated_drift,42,9.933276926142135,14.812269682644645,518,13,1474,0,12,0,12,0,0,0,0,12,0,0.0,,,5.8322788000514265,0.0,5.8322788000514265,0.02279867829169234,2400,interleaved,25,35,0.76,0.25,100,experiments\results\raw\naive_adaptive_correlated_drift_seed42_20260825_025416_events.csv,experiments\results\aggregated\naive_adaptive_correlated_drift_seed42_20260825_025416_summary.json
naive_adaptive_correlated_drift_seed123,naive_adaptive,correlated_drift,123,9.505125660011409,15.135626289743296,166,14,1565,0,12,0,12,0,0,0,0,12,0,0.0,,,6.19933689996833,0.0,6.19933689996833,0.023219981291683022,2400,interleaved,25,35,0.76,0.25,100,experiments\results\raw\naive_adaptive_correlated_drift_seed123_20260825_025748_events.csv,experiments\results\aggregated\naive_adaptive_correlated_drift_seed123_20260825_025748_summary.json
naive_adaptive_correlated_drift_seed456,naive_adaptive,correlated_drift,456,8.779979450047815,14.068633504719756,134,13,1518,0,12,0,12,0,0,0,0,12,0,0.0,,,5.343391799950041,0.0,5.343391799950041,0.02191985454165357,2400,interleaved,25,35,0.76,0.25,100,experiments\results\raw\naive_adaptive_correlated_drift_seed456_20260825_030124_events.csv,experiments\results\aggregated\naive_adaptive_correlated_drift_seed456_20260825_030124_summary.json
naive_adaptive_drift_recovery_seed42,naive_adaptive,drift_recovery,42,10.143271659679051,14.86670740448501,518,21,1431,0,17,0,17,0,0,0,0,17,0,0.0,,,8.337374200025806,0.0,8.337374200025806,0.02225717937482841,2400,interleaved,25,35,0.76,0.25,100,experiments\results\raw\naive_adaptive_drift_recovery_seed42_20260825_031524_events.csv,experiments\results\aggregated\naive_adaptive_drift_recovery_seed42_20260825_031524_summary.json
naive_adaptive_drift_recovery_seed123,naive_adaptive,drift_recovery,123,8.726484211102779,13.897224539299245,166,19,1527,0,17,0,17,0,0,0,0,17,0,0.0,,,4.426755299908109,0.0,4.426755299908109,0.011304471082949021,2400,interleaved,25,35,0.76,0.25,100,experiments\results\raw\naive_adaptive_drift_recovery_seed123_20260825_031852_events.csv,experiments\results\aggregated\naive_adaptive_drift_recovery_seed123_20260825_031852_summary.json
naive_adaptive_drift_recovery_seed456,naive_adaptive,drift_recovery,456,9.850033689977003,16.280847404352212,134,23,1477,0,21,0,21,0,0,0,0,21,0,0.0,,,5.3136667001235764,0.0,5.3136667001235764,0.010376603333643288,2400,interleaved,25,35,0.76,0.25,100,experiments\results\raw\naive_adaptive_drift_recovery_seed456_20260825_032051_events.csv,experiments\results\aggregated\naive_adaptive_drift_recovery_seed456_20260825_032051_summary.json
naive_adaptive_gradual_drift_seed42,naive_adaptive,gradual_drift,42,9.625415145115458,14.294481919312302,518,11,341,0,9,0,9,0,0,0,0,9,0,0.0,,,4.504085900087375,0.0,4.504085900087375,0.022715165625049848,2400,interleaved,25,35,0.76,0.25,100,experiments\results\raw\naive_adaptive_gradual_drift_seed42_20260825_020614_events.csv,experiments\results\aggregated\naive_adaptive_gradual_drift_seed42_20260825_020614_summary.json
naive_adaptive_gradual_drift_seed123,naive_adaptive,gradual_drift,123,8.753588980394712,14.167339180007172,166,13,630,0,12,0,12,0,0,0,0,12,0,0.0,,,5.9908094000129495,0.0,5.9908094000129495,0.022790317541681968,2400,interleaved,25,35,0.76,0.25,100,experiments\results\raw\naive_adaptive_gradual_drift_seed123_20260825_020943_events.csv,experiments\results\aggregated\naive_adaptive_gradual_drift_seed123_20260825_020943_summary.json
naive_adaptive_gradual_drift_seed456,naive_adaptive,gradual_drift,456,8.76543063815058,13.670434257667376,134,14,573,0,14,0,14,0,0,0,0,14,0,0.0,,,7.087567099981243,0.0,7.087567099981243,0.02287811258296036,2400,interleaved,25,35,0.76,0.25,100,experiments\results\raw\naive_adaptive_gradual_drift_seed456_20260825_021316_events.csv,experiments\results\aggregated\naive_adaptive_gradual_drift_seed456_20260825_021316_summary.json
naive_adaptive_high_noise_seed42,naive_adaptive,high_noise,42,10.833243403074409,16.340915962887088,518,10,1475,0,10,0,10,0,0,0,0,10,0,0.0,,,5.052824399987003,0.0,5.052824399987003,0.022391141500108156,2400,interleaved,25,35,0.76,0.25,100,experiments\results\raw\naive_adaptive_high_noise_seed42_20260825_022709_events.csv,experiments\results\aggregated\naive_adaptive_high_noise_seed42_20260825_022709_summary.json
naive_adaptive_high_noise_seed123,naive_adaptive,high_noise,123,9.511516905829717,15.140988258930772,166,12,1575,0,11,0,11,0,0,0,0,11,0,0.0,,,5.245018599991454,0.0,5.245018599991454,0.021745980916906167,2400,interleaved,25,35,0.76,0.25,100,experiments\results\raw\naive_adaptive_high_noise_seed123_20260825_023037_events.csv,experiments\results\aggregated\naive_adaptive_high_noise_seed123_20260825_023037_summary.json
naive_adaptive_high_noise_seed456,naive_adaptive,high_noise,456,9.510075527801941,15.881724205441797,134,12,1530,0,11,0,11,0,0,0,0,11,0,0.0,,,5.071600500057684,0.0,5.071600500057684,0.021881232166573075,2400,interleaved,25,35,0.76,0.25,100,experiments\results\raw\naive_adaptive_high_noise_seed456_20260825_023401_events.csv,experiments\results\aggregated\naive_adaptive_high_noise_seed456_20260825_023401_summary.json
naive_adaptive_intermittent_spikes_seed42,naive_adaptive,intermittent_spikes,42,9.367235618608577,13.976192438615787,518,8,116,0,8,0,8,0,0,0,0,8,0,0.0,,,4.115005999978166,0.0,4.115005999978166,0.023407260250217707,2400,interleaved,25,35,0.76,0.25,100,experiments\results\raw\naive_adaptive_intermittent_spikes_seed42_20260825_030449_events.csv,experiments\results\aggregated\naive_adaptive_intermittent_spikes_seed42_20260825_030449_summary.json
naive_adaptive_intermittent_spikes_seed123,naive_adaptive,intermittent_spikes,123,9.080664177569227,14.29027359945508,166,9,329,0,9,0,9,0,0,0,0,9,0,0.0,,,4.39925650000805,0.0,4.39925650000805,0.02283847091663726,2400,interleaved,25,35,0.76,0.25,100,experiments\results\raw\naive_adaptive_intermittent_spikes_seed123_20260825_030824_events.csv,experiments\results\aggregated\naive_adaptive_intermittent_spikes_seed123_20260825_030824_summary.json
naive_adaptive_intermittent_spikes_seed456,naive_adaptive,intermittent_spikes,456,8.642776693907244,13.928090657154982,134,10,251,0,10,0,10,0,0,0,0,10,0,0.0,,,4.526004700019257,0.0,4.526004700019257,0.022258551375016394,2400,interleaved,25,35,0.76,0.25,100,experiments\results\raw\naive_adaptive_intermittent_spikes_seed456_20260825_031156_events.csv,experiments\results\aggregated\naive_adaptive_intermittent_spikes_seed456_20260825_031156_summary.json
naive_adaptive_sensor_failure_seed42,naive_adaptive,sensor_failure,42,9.389673293074674,13.925120160286786,518,8,368,0,8,0,8,0,0,0,0,8,0,0.0,,,2.289101899979869,0.0,2.289101899979869,0.015237438458473964,2400,interleaved,25,35,0.76,0.25,100,experiments\results\raw\naive_adaptive_sensor_failure_seed42_20260825_023725_events.csv,experiments\results\aggregated\naive_adaptive_sensor_failure_seed42_20260825_023725_summary.json
naive_adaptive_sensor_failure_seed123,naive_adaptive,sensor_failure,123,8.920839984066577,14.613462429857616,166,10,468,0,9,0,9,0,0,0,0,9,0,0.0,,,2.3756411999929696,0.0,2.3756411999929696,0.010660150832712437,2400,interleaved,25,35,0.76,0.25,100,experiments\results\raw\naive_adaptive_sensor_failure_seed123_20260825_023954_events.csv,experiments\results\aggregated\naive_adaptive_sensor_failure_seed123_20260825_023954_summary.json
naive_adaptive_sensor_failure_seed456,naive_adaptive,sensor_failure,456,8.515386636751389,13.665628444666677,134,11,589,0,11,0,11,0,0,0,0,11,0,0.0,,,2.800492800073698,0.0,2.800492800073698,0.011885092083054284,2400,interleaved,25,35,0.76,0.25,100,experiments\results\raw\naive_adaptive_sensor_failure_seed456_20260825_024141_events.csv,experiments\results\aggregated\naive_adaptive_sensor_failure_seed456_20260825_024141_summary.json
naive_adaptive_sudden_spike_seed42,naive_adaptive,sudden_spike,42,9.411528462490484,14.07524787147678,518,10,1756,0,10,0,10,0,0,0,0,10,0,0.0,,,4.743948199989973,0.0,4.743948199989973,0.022355576542177003,2400,interleaved,25,35,0.76,0.25,100,experiments\results\raw\naive_adaptive_sudden_spike_seed42_20260825_021650_events.csv,experiments\results\aggregated\naive_adaptive_sudden_spike_seed42_20260825_021650_summary.json
naive_adaptive_sudden_spike_seed123,naive_adaptive,sudden_spike,123,8.974914170642913,14.688735290435705,166,12,1807,0,12,0,12,0,0,0,0,12,0,0.0,,,5.664245699997991,0.0,5.664245699997991,0.022241869416357075,2400,interleaved,25,35,0.76,0.25,100,experiments\results\raw\naive_adaptive_sudden_spike_seed123_20260825_022018_events.csv,experiments\results\aggregated\naive_adaptive_sudden_spike_seed123_20260825_022018_summary.json
naive_adaptive_sudden_spike_seed456,naive_adaptive,sudden_spike,456,8.599732583201158,13.814475143932377,134,11,1777,0,11,0,11,0,0,0,0,11,0,0.0,,,5.043706199969165,0.0,5.043706199969165,0.02183667979141319,2400,interleaved,25,35,0.76,0.25,100,experiments\results\raw\naive_adaptive_sudden_spike_seed456_20260825_022345_events.csv,experiments\results\aggregated\naive_adaptive_sudden_spike_seed456_20260825_022345_summary.json
proposed_concept_drift_seed42,proposed,concept_drift,42,16.707705088004072,24.665699083849212,518,12,82,0,12,0,12,4,8,4,0,4,1,0.25,3,12,6.164264599967282,84.0,90.16426459996728,0.021584255833319427,2400,interleaved,25,35,0.76,0.25,100,experiments\results\raw\proposed_concept_drift_seed42_20260825_035439_events.csv,experiments\results\aggregated\proposed_concept_drift_seed42_20260825_035439_summary.json
proposed_concept_drift_seed123,proposed,concept_drift,123,16.07214028509079,24.5457542124979,166,17,257,0,17,0,17,5,12,5,0,5,3,0.6,2,6,7.835698399954708,105.0,112.83569839995471,0.021098318291648564,2400,interleaved,25,35,0.76,0.25,100,experiments\results\raw\proposed_concept_drift_seed123_20260825_035805_events.csv,experiments\results\aggregated\proposed_concept_drift_seed123_20260825_035805_summary.json
proposed_concept_drift_seed456,proposed,concept_drift,456,16.74859268820604,25.737249216219837,134,14,233,0,14,0,14,3,11,3,0,3,1,0.3333333333333333,1,5,6.300393899960909,63.0,69.30039389996091,0.021825806708075105,2400,interleaved,25,35,0.76,0.25,100,experiments\results\raw\proposed_concept_drift_seed456_20260825_040131_events.csv,experiments\results\aggregated\proposed_concept_drift_seed456_20260825_040131_summary.json
proposed_correlated_drift_seed42,proposed,correlated_drift,42,11.06459394527611,19.97926861677218,518,11,1474,0,9,0,9,1,8,1,0,1,1,1.0,,,3.9854993000044487,21.0,24.98549930000445,0.021097520999913588,2400,interleaved,25,35,0.76,0.25,100,experiments\results\raw\proposed_correlated_drift_seed42_20260825_040459_events.csv,experiments\results\aggregated\proposed_correlated_drift_seed42_20260825_040459_summary.json
proposed_correlated_drift_seed123,proposed,correlated_drift,123,9.333362056336576,16.518589030082946,166,14,1565,0,14,0,14,2,12,2,0,2,1,0.5,,,5.971248899935745,42.0,47.971248899935745,0.02063948170828856,2400,interleaved,25,35,0.76,0.25,100,experiments\results\raw\proposed_correlated_drift_seed123_20260825_040818_events.csv,experiments\results\aggregated\proposed_correlated_drift_seed123_20260825_040818_summary.json
proposed_correlated_drift_seed456,proposed,correlated_drift,456,8.974457067773635,17.563224101463533,134,12,1518,0,12,0,12,2,10,2,0,2,1,0.5,,,5.283621699985815,42.0,47.283621699985815,0.02045875579192701,2400,interleaved,25,35,0.76,0.25,100,experiments\results\raw\proposed_correlated_drift_seed456_20260825_041135_events.csv,experiments\results\aggregated\proposed_correlated_drift_seed456_20260825_041135_summary.json
proposed_drift_recovery_seed42,proposed,drift_recovery,42,10.322294655123645,17.455038705805894,518,19,1431,0,17,0,17,4,13,2,2,2,1,0.5,,,3.2138625999796204,84.0,87.21386259997962,0.00788622829139058,2400,interleaved,25,35,0.76,0.25,100,experiments\results\raw\proposed_drift_recovery_seed42_20260825_042030_events.csv,experiments\results\aggregated\proposed_drift_recovery_seed42_20260825_042030_summary.json
proposed_drift_recovery_seed123,proposed,drift_recovery,123,9.50699259859969,16.41266949321549,166,20,1527,0,16,0,16,2,14,2,0,2,1,0.5,,,2.942917700012913,42.0,44.94291770001291,0.007879137083145906,2400,interleaved,25,35,0.76,0.25,100,experiments\results\raw\proposed_drift_recovery_seed123_20260825_042150_events.csv,experiments\results\aggregated\proposed_drift_recovery_seed123_20260825_042150_summary.json
proposed_drift_recovery_seed456,proposed,drift_recovery,456,9.78804405440098,19.77757857359746,134,21,1477,0,17,0,17,1,16,1,0,1,0,0.0,1,5,3.187497400067514,21.0,24.187497400067514,0.007688863374993768,2400,interleaved,25,35,0.76,0.25,100,experiments\results\raw\proposed_drift_recovery_seed456_20260825_042310_events.csv,experiments\results\aggregated\proposed_drift_recovery_seed456_20260825_042310_summary.json
proposed_gradual_drift_seed42,proposed,gradual_drift,42,10.303495276294628,18.032820666904822,518,12,341,0,12,0,12,2,10,2,0,2,1,0.5,,,3.2546122999920044,42.0,45.254612299992004,0.01067487566707617,2400,interleaved,25,35,0.76,0.25,100,experiments\results\raw\proposed_gradual_drift_seed42_20260825_032237_events.csv,experiments\results\aggregated\proposed_gradual_drift_seed42_20260825_032237_summary.json
proposed_gradual_drift_seed123,proposed,gradual_drift,123,9.213845508366598,16.125203746721027,166,14,630,0,13,0,13,2,11,2,0,2,1,0.5,,,3.130681899987394,42.0,45.130681899987394,0.010608872083369837,2400,interleaved,25,35,0.76,0.25,100,experiments\results\raw\proposed_gradual_drift_seed123_20260825_032424_events.csv,experiments\results\aggregated\proposed_gradual_drift_seed123_20260825_032424_summary.json
proposed_gradual_drift_seed456,proposed,gradual_drift,456,9.78804405440098,19.77757857359746,134,12,573,0,12,0,12,1,11,1,0,1,0,0.0,1,5,5.689526000060141,21.0,26.68952600006014,0.022263523125293432,2400,interleaved,25,35,0.76,0.25,100,experiments\results\raw\proposed_gradual_drift_seed456_20260825_032611_events.csv,experiments\results\aggregated\proposed_gradual_drift_seed456_20260825_032611_summary.json
proposed_high_noise_seed42,proposed,high_noise,42,11.06459394527611,19.97926861677218,518,10,1475,0,10,0,10,1,9,1,0,1,1,1.0,,,4.618877400003839,21.0,25.61887740000384,0.02163546066689984,2400,interleaved,25,35,0.76,0.25,100,experiments\results\raw\proposed_high_noise_seed42_20260825_033923_events.csv,experiments\results\aggregated\proposed_high_noise_seed42_20260825_033923_summary.json
proposed_high_noise_seed123,proposed,high_noise,123,10.147987721903213,18.24261777414014,166,14,1575,0,14,0,14,2,12,2,0,2,1,0.5,,,3.889951100019971,42.0,45.88995110001997,0.014182964625009238,2400,interleaved,25,35,0.76,0.25,100,experiments\results\raw\proposed_high_noise_seed123_20260825_034246_events.csv,experiments\results\aggregated\proposed_high_noise_seed123_20260825_034246_summary.json
proposed_high_noise_seed456,proposed,high_noise,456,9.78804405440098,19.77757857359746,134,11,1530,0,11,0,11,1,10,1,0,1,0,0.0,1,5,2.6731758999230806,21.0,23.67317589992308,0.010182195250090445,2400,interleaved,25,35,0.76,0.25,100,experiments\results\raw\proposed_high_noise_seed456_20260825_034510_events.csv,experiments\results\aggregated\proposed_high_noise_seed456_20260825_034510_summary.json
proposed_intermittent_spikes_seed42,proposed,intermittent_spikes,42,11.06459394527611,19.97926861677218,518,8,116,0,8,0,8,1,7,1,0,1,1,1.0,,,3.2926564999797847,21.0,24.292656499979785,0.0175522862081804,2400,interleaved,25,35,0.76,0.25,100,experiments\results\raw\proposed_intermittent_spikes_seed42_20260825_041452_events.csv,experiments\results\aggregated\proposed_intermittent_spikes_seed42_20260825_041452_summary.json
proposed_intermittent_spikes_seed123,proposed,intermittent_spikes,123,9.220156114999414,16.354371485742448,166,11,329,0,11,0,11,2,9,2,0,2,1,0.5,,,2.1178945999999996,42.0,44.1178946,0.008627763291648686,2400,interleaved,25,35,0.76,0.25,100,experiments\results\raw\proposed_intermittent_spikes_seed123_20260825_041741_events.csv,experiments\results\aggregated\proposed_intermittent_spikes_seed123_20260825_041741_summary.json
proposed_intermittent_spikes_seed456,proposed,intermittent_spikes,456,9.78804405440098,19.77757857359746,134,9,251,0,9,0,9,1,8,1,0,1,0,0.0,1,5,1.6888030999398325,21.0,22.688803099939832,0.008080217999752979,2400,interleaved,25,35,0.76,0.25,100,experiments\results\raw\proposed_intermittent_spikes_seed456_20260825_041909_events.csv,experiments\results\aggregated\proposed_intermittent_spikes_seed456_20260825_041909_summary.json
proposed_sensor_failure_seed42,proposed,sensor_failure,42,11.06459394527611,19.97926861677218,518,9,368,0,9,0,9,1,8,1,0,1,1,1.0,,,2.209822200005874,21.0,23.209822200005874,0.010227516125026644,2400,interleaved,25,35,0.76,0.25,100,experiments\results\raw\proposed_sensor_failure_seed42_20260825_034652_events.csv,experiments\results\aggregated\proposed_sensor_failure_seed42_20260825_034652_summary.json
proposed_sensor_failure_seed123,proposed,sensor_failure,123,9.246291860954733,16.285558318892928,166,13,468,0,13,0,13,4,9,3,1,3,1,0.3333333333333333,,,4.870202099962626,84.0,88.87020209996263,0.017591212458488978,2400,interleaved,25,35,0.76,0.25,100,experiments\results\raw\proposed_sensor_failure_seed123_20260825_034835_events.csv,experiments\results\aggregated\proposed_sensor_failure_seed123_20260825_034835_summary.json
proposed_sensor_failure_seed456,proposed,sensor_failure,456,9.78804405440098,19.77757857359746,134,10,589,0,10,0,10,1,9,1,0,1,0,0.0,1,5,4.217507000052137,21.0,25.217507000052137,0.020869746750334647,2400,interleaved,25,35,0.76,0.25,100,experiments\results\raw\proposed_sensor_failure_seed456_20260825_035121_events.csv,experiments\results\aggregated\proposed_sensor_failure_seed456_20260825_035121_summary.json
proposed_sudden_spike_seed42,proposed,sudden_spike,42,11.06459394527611,19.97926861677218,518,10,1756,0,10,0,10,1,9,1,0,1,1,1.0,,,4.130690199963283,21.0,25.130690199963283,0.02009810999995049,2400,interleaved,25,35,0.76,0.25,100,experiments\results\raw\proposed_sudden_spike_seed42_20260825_032940_events.csv,experiments\results\aggregated\proposed_sudden_spike_seed42_20260825_032940_summary.json
proposed_sudden_spike_seed123,proposed,sudden_spike,123,9.198623059848082,16.22066573186671,166,13,1807,0,12,0,12,3,9,2,1,2,1,0.5,,,4.895551799971145,63.0,67.89555179997114,0.020526011416380545,2400,interleaved,25,35,0.76,0.25,100,experiments\results\raw\proposed_sudden_spike_seed123_20260825_033250_events.csv,experiments\results\aggregated\proposed_sudden_spike_seed123_20260825_033250_summary.json
proposed_sudden_spike_seed456,proposed,sudden_spike,456,9.78804405440098,19.77757857359746,134,11,1777,0,10,0,10,1,9,1,0,1,0,0.0,1,5,4.354438500013202,21.0,25.354438500013202,0.020577974291724484,2400,interleaved,25,35,0.76,0.25,100,experiments\results\raw\proposed_sudden_spike_seed456_20260825_033607_events.csv,experiments\results\aggregated\proposed_sudden_spike_seed456_20260825_033607_summary.json
scheduled_concept_drift_seed42,scheduled,concept_drift,42,11.50423492855814,18.76256041400053,102,14,82,0,23,0,23,0,0,0,0,23,0,0.0,4,8,6.784632099966984,0.0,6.784632099966984,0.013912206333637489,2400,interleaved,25,35,0.76,0.25,100,experiments\results\raw\scheduled_concept_drift_seed42_20260825_013345_events.csv,experiments\results\aggregated\scheduled_concept_drift_seed42_20260825_013345_summary.json
scheduled_concept_drift_seed123,scheduled,concept_drift,123,12.149582755156365,18.696778239428582,102,12,257,0,23,0,23,0,0,0,0,23,0,0.0,4,8,8.106579299987061,0.0,8.106579299987061,0.016926989791136292,2400,interleaved,25,35,0.76,0.25,100,experiments\results\raw\scheduled_concept_drift_seed123_20260825_013608_events.csv,experiments\results\aggregated\scheduled_concept_drift_seed123_20260825_013608_summary.json
scheduled_concept_drift_seed456,scheduled,concept_drift,456,12.406648225563185,19.44925085071356,102,15,233,0,23,0,23,0,0,0,0,23,0,0.0,3,21,8.65027049992932,0.0,8.65027049992932,0.01926733983298618,2400,interleaved,25,35,0.76,0.25,100,experiments\results\raw\scheduled_concept_drift_seed456_20260825_013846_events.csv,experiments\results\aggregated\scheduled_concept_drift_seed456_20260825_013846_summary.json
scheduled_correlated_drift_seed42,scheduled,correlated_drift,42,7.445694357223816,13.055676395069664,102,14,1474,0,23,0,23,0,0,0,0,23,0,0.0,,,7.706617399933748,0.0,7.706617399933748,0.01637439683380459,2400,interleaved,25,35,0.76,0.25,100,experiments\results\raw\scheduled_correlated_drift_seed42_20260825_014147_events.csv,experiments\results\aggregated\scheduled_correlated_drift_seed42_20260825_014147_summary.json
scheduled_correlated_drift_seed123,scheduled,correlated_drift,123,8.272371141014528,13.163832454096061,102,12,1565,0,23,0,23,0,0,0,0,23,0,0.0,,,10.76252639995073,0.0,10.76252639995073,0.023157008874598737,2400,interleaved,25,35,0.76,0.25,100,experiments\results\raw\scheduled_correlated_drift_seed123_20260825_014431_events.csv,experiments\results\aggregated\scheduled_correlated_drift_seed123_20260825_014431_summary.json
scheduled_correlated_drift_seed456,scheduled,correlated_drift,456,8.487034769630148,14.154168605407257,102,13,1518,0,23,0,23,0,0,0,0,23,0,0.0,,,10.912231400056044,0.0,10.912231400056044,0.022653830500118297,2400,interleaved,25,35,0.76,0.25,100,experiments\results\raw\scheduled_correlated_drift_seed456_20260825_014812_events.csv,experiments\results\aggregated\scheduled_correlated_drift_seed456_20260825_014812_summary.json
scheduled_drift_recovery_seed42,scheduled,drift_recovery,42,8.07245489411189,13.562340957793113,102,23,1431,0,23,0,23,0,0,0,0,23,0,0.0,,,5.485649300040677,0.0,5.485649300040677,0.01056725491683513,2400,interleaved,25,35,0.76,0.25,100,experiments\results\raw\scheduled_drift_recovery_seed42_20260825_015756_events.csv,experiments\results\aggregated\scheduled_drift_recovery_seed42_20260825_015756_summary.json
scheduled_drift_recovery_seed123,scheduled,drift_recovery,123,8.891496614333263,13.721963804673464,102,21,1527,0,23,0,23,0,0,0,0,23,0,0.0,,,9.579893799993442,0.0,9.579893799993442,0.02009046295792359,2400,interleaved,25,35,0.76,0.25,100,experiments\results\raw\scheduled_drift_recovery_seed123_20260825_015942_events.csv,experiments\results\aggregated\scheduled_drift_recovery_seed123_20260825_015942_summary.json
scheduled_drift_recovery_seed456,scheduled,drift_recovery,456,9.407768768747903,15.622930924970609,102,25,1477,0,23,0,23,0,0,0,0,23,0,0.0,,,10.565234999958193,0.0,10.565234999958193,0.021888225708110744,2400,interleaved,25,35,0.76,0.25,100,experiments\results\raw\scheduled_drift_recovery_seed456_20260825_020247_events.csv,experiments\results\aggregated\scheduled_drift_recovery_seed456_20260825_020247_summary.json
scheduled_gradual_drift_seed42,scheduled,gradual_drift,42,7.325589860449921,12.798405490271822,102,13,341,0,23,0,23,0,0,0,0,23,0,0.0,,,10.256589299999177,0.0,10.256589299999177,0.016761270041400468,2400,interleaved,25,35,0.76,0.25,100,experiments\results\raw\scheduled_gradual_drift_seed42_20260825_011332_events.csv,experiments\results\aggregated\scheduled_gradual_drift_seed42_20260825_011332_summary.json
scheduled_gradual_drift_seed123,scheduled,gradual_drift,123,8.106279499944103,12.840992139542523,102,11,630,0,23,0,23,0,0,0,0,23,0,0.0,,,4.897880600008648,0.0,4.897880600008648,0.009324628874843862,2400,interleaved,25,35,0.76,0.25,100,experiments\results\raw\scheduled_gradual_drift_seed123_20260825_011613_events.csv,experiments\results\aggregated\scheduled_gradual_drift_seed123_20260825_011613_summary.json
scheduled_gradual_drift_seed456,scheduled,gradual_drift,456,8.419162540399503,13.902345006106552,102,14,573,0,23,0,23,0,0,0,0,23,0,0.0,,,5.212662900070427,0.0,5.212662900070427,0.009083165916745201,2400,interleaved,25,35,0.76,0.25,100,experiments\results\raw\scheduled_gradual_drift_seed456_20260825_011748_events.csv,experiments\results\aggregated\scheduled_gradual_drift_seed456_20260825_011748_summary.json
scheduled_high_noise_seed42,scheduled,high_noise,42,8.901237352164019,14.517073466014079,102,14,1475,0,23,0,23,0,0,0,0,23,0,0.0,,,4.857223200087901,0.0,4.857223200087901,0.009008690041603888,2400,interleaved,25,35,0.76,0.25,100,experiments\results\raw\scheduled_high_noise_seed42_20260825_012422_events.csv,experiments\results\aggregated\scheduled_high_noise_seed42_20260825_012422_summary.json
scheduled_high_noise_seed123,scheduled,high_noise,123,9.056833158314104,14.080188289082345,102,13,1575,0,23,0,23,0,0,0,0,23,0,0.0,,,4.956851499999175,0.0,4.956851499999175,0.009126035666619525,2400,interleaved,25,35,0.76,0.25,100,experiments\results\raw\scheduled_high_noise_seed123_20260825_012554_events.csv,experiments\results\aggregated\scheduled_high_noise_seed123_20260825_012554_summary.json
scheduled_high_noise_seed456,scheduled,high_noise,456,9.419548519454422,15.104497546251984,102,12,1530,0,23,0,23,0,0,0,0,23,0,0.0,,,5.127464699879056,0.0,5.127464699879056,0.009095199291174746,2400,interleaved,25,35,0.76,0.25,100,experiments\results\raw\scheduled_high_noise_seed456_20260825_012727_events.csv,experiments\results\aggregated\scheduled_high_noise_seed456_20260825_012727_summary.json
scheduled_intermittent_spikes_seed42,scheduled,intermittent_spikes,42,7.349980790363858,12.96380836924822,102,10,116,0,23,0,23,0,0,0,0,23,0,0.0,,,6.759127199911745,0.0,6.759127199911745,0.014679901916497328,2400,interleaved,25,35,0.76,0.25,100,experiments\results\raw\scheduled_intermittent_spikes_seed42_20260825_015149_events.csv,experiments\results\aggregated\scheduled_intermittent_spikes_seed42_20260825_015149_summary.json
scheduled_intermittent_spikes_seed123,scheduled,intermittent_spikes,123,8.18312340866075,13.106099522817606,102,9,329,0,23,0,23,0,0,0,0,23,0,0.0,,,5.588723500055494,0.0,5.588723500055494,0.010500942625306682,2400,interleaved,25,35,0.76,0.25,100,experiments\results\raw\scheduled_intermittent_spikes_seed123_20260825_015419_events.csv,experiments\results\aggregated\scheduled_intermittent_spikes_seed123_20260825_015419_summary.json
scheduled_intermittent_spikes_seed456,scheduled,intermittent_spikes,456,8.264345506426759,13.729643643218829,102,10,251,0,23,0,23,0,0,0,0,23,0,0.0,,,5.663595999998506,0.0,5.663595999998506,0.01050792904234792,2400,interleaved,25,35,0.76,0.25,100,experiments\results\raw\scheduled_intermittent_spikes_seed456_20260825_015608_events.csv,experiments\results\aggregated\scheduled_intermittent_spikes_seed456_20260825_015608_summary.json
scheduled_sensor_failure_seed42,scheduled,sensor_failure,42,7.249325233274476,12.856518991691194,102,12,368,0,23,0,23,0,0,0,0,23,0,0.0,,,4.617364600097062,0.0,4.617364600097062,0.008987568667022666,2400,interleaved,25,35,0.76,0.25,100,experiments\results\raw\scheduled_sensor_failure_seed42_20260825_012900_events.csv,experiments\results\aggregated\scheduled_sensor_failure_seed42_20260825_012900_summary.json
scheduled_sensor_failure_seed123,scheduled,sensor_failure,123,8.152261010937686,13.158572704321735,102,10,468,0,23,0,23,0,0,0,0,23,0,0.0,,,4.635227400023723,0.0,4.635227400023723,0.00920481537466306,2400,interleaved,25,35,0.76,0.25,100,experiments\results\raw\scheduled_sensor_failure_seed123_20260825_013031_events.csv,experiments\results\aggregated\scheduled_sensor_failure_seed123_20260825_013031_summary.json
scheduled_sensor_failure_seed456,scheduled,sensor_failure,456,8.199732095535424,13.632833106421755,102,11,589,0,23,0,23,0,0,0,0,23,0,0.0,,,5.118824399978621,0.0,5.118824399978621,0.009779610332783099,2400,interleaved,25,35,0.76,0.25,100,experiments\results\raw\scheduled_sensor_failure_seed456_20260825_013206_events.csv,experiments\results\aggregated\scheduled_sensor_failure_seed456_20260825_013206_summary.json
scheduled_sudden_spike_seed42,scheduled,sudden_spike,42,7.291409075192021,12.920583586832965,102,14,1756,0,23,0,23,0,0,0,0,23,0,0.0,,,4.6656159000704065,0.0,4.6656159000704065,0.009126922499793485,2400,interleaved,25,35,0.76,0.25,100,experiments\results\raw\scheduled_sudden_spike_seed42_20260825_011921_events.csv,experiments\results\aggregated\scheduled_sudden_spike_seed42_20260825_011921_summary.json
scheduled_sudden_spike_seed123,scheduled,sudden_spike,123,8.220660880133567,13.07748954487678,102,11,1807,0,23,0,23,0,0,0,0,23,0,0.0,,,4.716107700020075,0.0,4.716107700020075,0.009121558666799198,2400,interleaved,25,35,0.76,0.25,100,experiments\results\raw\scheduled_sudden_spike_seed123_20260825_012055_events.csv,experiments\results\aggregated\scheduled_sudden_spike_seed123_20260825_012055_summary.json
scheduled_sudden_spike_seed456,scheduled,sudden_spike,456,8.225477682786675,13.653795829313344,102,13,1777,0,23,0,23,0,0,0,0,23,0,0.0,,,4.886263799999142,0.0,4.886263799999142,0.009043593750211585,2400,interleaved,25,35,0.76,0.25,100,experiments\results\raw\scheduled_sudden_spike_seed456_20260825_012249_events.csv,experiments\results\aggregated\scheduled_sudden_spike_seed456_20260825_012249_summary.json
static_concept_drift_seed42,static,concept_drift,42,41.93030630307613,48.13428441651246,518,10,82,0,0,0,0,0,0,0,0,0,0,,,,0.0,0.0,0.0,0.009745180583292191,2400,interleaved,25,35,0.76,0.25,100,experiments\results\raw\static_concept_drift_seed42_20260825_005420_events.csv,experiments\results\aggregated\static_concept_drift_seed42_20260825_005420_summary.json
static_concept_drift_seed123,static,concept_drift,123,43.87389821812675,50.67448700987681,166,11,257,0,0,0,0,0,0,0,0,0,0,,,,0.0,0.0,0.0,0.009849973708102576,2400,interleaved,25,35,0.76,0.25,100,experiments\results\raw\static_concept_drift_seed123_20260825_005554_events.csv,experiments\results\aggregated\static_concept_drift_seed123_20260825_005554_summary.json
static_concept_drift_seed456,static,concept_drift,456,41.44963643400162,47.503519671332676,134,12,233,0,0,0,0,0,0,0,0,0,0,,,,0.0,0.0,0.0,0.00974787395841607,2400,interleaved,25,35,0.76,0.25,100,experiments\results\raw\static_concept_drift_seed456_20260825_005730_events.csv,experiments\results\aggregated\static_concept_drift_seed456_20260825_005730_summary.json
static_correlated_drift_seed42,static,correlated_drift,42,54.58857992086608,65.362048111295,518,18,1474,0,0,0,0,0,0,0,0,0,0,,,,0.0,0.0,0.0,0.00974142762509776,2400,interleaved,25,35,0.76,0.25,100,experiments\results\raw\static_correlated_drift_seed42_20260825_005904_events.csv,experiments\results\aggregated\static_correlated_drift_seed42_20260825_005904_summary.json
static_correlated_drift_seed123,static,correlated_drift,123,54.21198319424145,65.45480450064039,166,18,1565,0,0,0,0,0,0,0,0,0,0,,,,0.0,0.0,0.0,0.009939530791828778,2400,interleaved,25,35,0.76,0.25,100,experiments\results\raw\static_correlated_drift_seed123_20260825_010038_events.csv,experiments\results\aggregated\static_correlated_drift_seed123_20260825_010038_summary.json
static_correlated_drift_seed456,static,correlated_drift,456,58.45109453803002,69.78373497181136,134,16,1518,0,0,0,0,0,0,0,0,0,0,,,,0.0,0.0,0.0,0.009920340874753795,2400,interleaved,25,35,0.76,0.25,100,experiments\results\raw\static_correlated_drift_seed456_20260825_010234_events.csv,experiments\results\aggregated\static_correlated_drift_seed456_20260825_010234_summary.json
static_drift_recovery_seed42,static,drift_recovery,42,65.05409211920914,80.71199764142403,518,26,1431,0,0,0,0,0,0,0,0,0,0,,,,0.0,0.0,0.0,0.009739415375249033,2400,interleaved,25,35,0.76,0.25,100,experiments\results\raw\static_drift_recovery_seed42_20260825_010839_events.csv,experiments\results\aggregated\static_drift_recovery_seed42_20260825_010839_summary.json
static_drift_recovery_seed123,static,drift_recovery,123,63.81821281688511,79.73681618492571,166,25,1527,0,0,0,0,0,0,0,0,0,0,,,,0.0,0.0,0.0,0.009794686166593843,2400,interleaved,25,35,0.76,0.25,100,experiments\results\raw\static_drift_recovery_seed123_20260825_011033_events.csv,experiments\results\aggregated\static_drift_recovery_seed123_20260825_011033_summary.json
static_drift_recovery_seed456,static,drift_recovery,456,65.29168192875048,80.33168908452622,134,24,1477,0,0,0,0,0,0,0,0,0,0,,,,0.0,0.0,0.0,0.009212103207937616,2400,interleaved,25,35,0.76,0.25,100,experiments\results\raw\static_drift_recovery_seed456_20260825_011205_events.csv,experiments\results\aggregated\static_drift_recovery_seed456_20260825_011205_summary.json
static_gradual_drift_seed42,static,gradual_drift,42,33.35333765674522,41.38319971930344,518,15,341,0,0,0,0,0,0,0,0,0,0,,,,0.0,0.0,0.0,0.009987037124543956,2400,interleaved,25,35,0.76,0.25,100,experiments\results\raw\static_gradual_drift_seed42_20260825_003456_events.csv,experiments\results\aggregated\static_gradual_drift_seed42_20260825_003456_summary.json
static_gradual_drift_seed123,static,gradual_drift,123,31.562583420620996,39.431146892393514,166,12,630,0,0,0,0,0,0,0,0,0,0,,,,0.0,0.0,0.0,0.009646063417336943,2400,interleaved,25,35,0.76,0.25,100,experiments\results\raw\static_gradual_drift_seed123_20260825_003641_events.csv,experiments\results\aggregated\static_gradual_drift_seed123_20260825_003641_summary.json
static_gradual_drift_seed456,static,gradual_drift,456,37.59879373797097,46.18418240420899,134,15,573,0,0,0,0,0,0,0,0,0,0,,,,0.0,0.0,0.0,0.010324652624779749,2400,interleaved,25,35,0.76,0.25,100,experiments\results\raw\static_gradual_drift_seed456_20260825_003815_events.csv,experiments\results\aggregated\static_gradual_drift_seed456_20260825_003815_summary.json
static_high_noise_seed42,static,high_noise,42,39.681008790059565,51.21358785700185,518,21,1475,0,0,0,0,0,0,0,0,0,0,,,,0.0,0.0,0.0,0.009701615374578977,2400,interleaved,25,35,0.76,0.25,100,experiments\results\raw\static_high_noise_seed42_20260825_004452_events.csv,experiments\results\aggregated\static_high_noise_seed42_20260825_004452_summary.json
static_high_noise_seed123,static,high_noise,123,40.0987929533543,52.666428103887036,166,16,1575,0,0,0,0,0,0,0,0,0,0,,,,0.0,0.0,0.0,0.009829288125026021,2400,interleaved,25,35,0.76,0.25,100,experiments\results\raw\static_high_noise_seed123_20260825_004627_events.csv,experiments\results\aggregated\static_high_noise_seed123_20260825_004627_summary.json
static_high_noise_seed456,static,high_noise,456,38.47984831888744,49.626648352187686,134,17,1530,0,0,0,0,0,0,0,0,0,0,,,,0.0,0.0,0.0,0.009744658791763262,2400,interleaved,25,35,0.76,0.25,100,experiments\results\raw\static_high_noise_seed456_20260825_004802_events.csv,experiments\results\aggregated\static_high_noise_seed456_20260825_004802_summary.json
static_intermittent_spikes_seed42,static,intermittent_spikes,42,14.099800015591091,18.122915166115806,518,7,116,0,0,0,0,0,0,0,0,0,0,,,,0.0,0.0,0.0,0.009388026791615024,2400,interleaved,25,35,0.76,0.25,100,experiments\results\raw\static_intermittent_spikes_seed42_20260825_010409_events.csv,experiments\results\aggregated\static_intermittent_spikes_seed42_20260825_010409_summary.json
static_intermittent_spikes_seed123,static,intermittent_spikes,123,13.10510778888602,17.054862437937615,166,8,329,0,0,0,0,0,0,0,0,0,0,,,,0.0,0.0,0.0,0.009363987791875843,2400,interleaved,25,35,0.76,0.25,100,experiments\results\raw\static_intermittent_spikes_seed123_20260825_010540_events.csv,experiments\results\aggregated\static_intermittent_spikes_seed123_20260825_010540_summary.json
static_intermittent_spikes_seed456,static,intermittent_spikes,456,15.318306964107409,18.703097651191428,134,8,251,0,0,0,0,0,0,0,0,0,0,,,,0.0,0.0,0.0,0.00927934316618727,2400,interleaved,25,35,0.76,0.25,100,experiments\results\raw\static_intermittent_spikes_seed456_20260825_010710_events.csv,experiments\results\aggregated\static_intermittent_spikes_seed456_20260825_010710_summary.json
static_sensor_failure_seed42,static,sensor_failure,42,13.421692724447492,16.171994405224776,518,8,368,0,0,0,0,0,0,0,0,0,0,,,,0.0,0.0,0.0,0.009779716458494174,2400,interleaved,25,35,0.76,0.25,100,experiments\results\raw\static_sensor_failure_seed42_20260825_004936_events.csv,experiments\results\aggregated\static_sensor_failure_seed42_20260825_004936_summary.json
static_sensor_failure_seed123,static,sensor_failure,123,13.242286920930821,16.558133779177947,166,9,468,0,0,0,0,0,0,0,0,0,0,,,,0.0,0.0,0.0,0.009745332666777054,2400,interleaved,25,35,0.76,0.25,100,experiments\results\raw\static_sensor_failure_seed123_20260825_005111_events.csv,experiments\results\aggregated\static_sensor_failure_seed123_20260825_005111_summary.json
static_sensor_failure_seed456,static,sensor_failure,456,14.597426402020755,17.41261257619643,134,11,589,0,0,0,0,0,0,0,0,0,0,,,,0.0,0.0,0.0,0.009801046833708825,2400,interleaved,25,35,0.76,0.25,100,experiments\results\raw\static_sensor_failure_seed456_20260825_005245_events.csv,experiments\results\aggregated\static_sensor_failure_seed456_20260825_005245_summary.json
static_sudden_spike_seed42,static,sudden_spike,42,79.37620046283621,91.32975942538624,518,13,1756,0,0,0,0,0,0,0,0,0,0,,,,0.0,0.0,0.0,0.010071372250337541,2400,interleaved,25,35,0.76,0.25,100,experiments\results\raw\static_sudden_spike_seed42_20260825_003955_events.csv,experiments\results\aggregated\static_sudden_spike_seed42_20260825_003955_summary.json
static_sudden_spike_seed123,static,sudden_spike,123,76.3905367233524,88.77052007049207,166,13,1807,0,0,0,0,0,0,0,0,0,0,,,,0.0,0.0,0.0,0.00988026420839257,2400,interleaved,25,35,0.76,0.25,100,experiments\results\raw\static_sudden_spike_seed123_20260825_004132_events.csv,experiments\results\aggregated\static_sudden_spike_seed123_20260825_004132_summary.json
static_sudden_spike_seed456,static,sudden_spike,456,78.54251586236015,90.23656994162629,134,13,1777,0,0,0,0,0,0,0,0,0,0,,,,0.0,0.0,0.0,0.009822557083049712,2400,interleaved,25,35,0.76,0.25,100,experiments\results\raw\static_sudden_spike_seed456_20260825_004317_events.csv,experiments\results\aggregated\static_sudden_spike_seed456_20260825_004317_summary.json
