run_id,strategy,scenario,seed,stream_length,stream_mode,scenario_onset_cycle_min,scenario_onset_cycle_max,train_fraction,validation_fraction,retraining_interval,data_drift_window,data_drift_p_threshold,data_drift_feature_ratio_threshold,data_drift_min_effect_size,error_window,error_threshold,retrain_error_threshold,retrain_drift_score_threshold,performance_gate_threshold,shadow_window,cooldown,minimum_retraining_samples,minimum_validation_rows,minimum_validation_units,git_commit,dataset_checksum,python_version,planned_timestamp,status,raw_csv_path,summary_json_path
static_gradual_drift_seed42,static,gradual_drift,42,2400,interleaved,25,35,0.76,0.25,100,20,0.05,0.12,0.08,8,75.0,45.0,0.55,0.95,20,30,55,20,1,fa6cbd5571184daf2ddbebd319aaf6614c276f9b,1721c96c01e188569f0e7bb16b1ea493,3.12.0,2026-08-25 00:07:03,PLANNED,experiments\results\raw\static_gradual_drift_seed42_*.csv,experiments\results\aggregated\static_gradual_drift_seed42_*.json
static_gradual_drift_seed123,static,gradual_drift,123,2400,interleaved,25,35,0.76,0.25,100,20,0.05,0.12,0.08,8,75.0,45.0,0.55,0.95,20,30,55,20,1,fa6cbd5571184daf2ddbebd319aaf6614c276f9b,1721c96c01e188569f0e7bb16b1ea493,3.12.0,2026-08-25 00:07:03,PLANNED,experiments\results\raw\static_gradual_drift_seed123_*.csv,experiments\results\aggregated\static_gradual_drift_seed123_*.json
static_gradual_drift_seed456,static,gradual_drift,456,2400,interleaved,25,35,0.76,0.25,100,20,0.05,0.12,0.08,8,75.0,45.0,0.55,0.95,20,30,55,20,1,fa6cbd5571184daf2ddbebd319aaf6614c276f9b,1721c96c01e188569f0e7bb16b1ea493,3.12.0,2026-08-25 00:07:03,PLANNED,experiments\results\raw\static_gradual_drift_seed456_*.csv,experiments\results\aggregated\static_gradual_drift_seed456_*.json
static_sudden_spike_seed42,static,sudden_spike,42,2400,interleaved,25,35,0.76,0.25,100,20,0.05,0.12,0.08,8,75.0,45.0,0.55,0.95,20,30,55,20,1,fa6cbd5571184daf2ddbebd319aaf6614c276f9b,1721c96c01e188569f0e7bb16b1ea493,3.12.0,2026-08-25 00:07:03,PLANNED,experiments\results\raw\static_sudden_spike_seed42_*.csv,experiments\results\aggregated\static_sudden_spike_seed42_*.json
static_sudden_spike_seed123,static,sudden_spike,123,2400,interleaved,25,35,0.76,0.25,100,20,0.05,0.12,0.08,8,75.0,45.0,0.55,0.95,20,30,55,20,1,fa6cbd5571184daf2ddbebd319aaf6614c276f9b,1721c96c01e188569f0e7bb16b1ea493,3.12.0,2026-08-25 00:07:03,PLANNED,experiments\results\raw\static_sudden_spike_seed123_*.csv,experiments\results\aggregated\static_sudden_spike_seed123_*.json
static_sudden_spike_seed456,static,sudden_spike,456,2400,interleaved,25,35,0.76,0.25,100,20,0.05,0.12,0.08,8,75.0,45.0,0.55,0.95,20,30,55,20,1,fa6cbd5571184daf2ddbebd319aaf6614c276f9b,1721c96c01e188569f0e7bb16b1ea493,3.12.0,2026-08-25 00:07:03,PLANNED,experiments\results\raw\static_sudden_spike_seed456_*.csv,experiments\results\aggregated\static_sudden_spike_seed456_*.json
static_high_noise_seed42,static,high_noise,42,2400,interleaved,25,35,0.76,0.25,100,20,0.05,0.12,0.08,8,75.0,45.0,0.55,0.95,20,30,55,20,1,fa6cbd5571184daf2ddbebd319aaf6614c276f9b,1721c96c01e188569f0e7bb16b1ea493,3.12.0,2026-08-25 00:07:03,PLANNED,experiments\results\raw\static_high_noise_seed42_*.csv,experiments\results\aggregated\static_high_noise_seed42_*.json
static_high_noise_seed123,static,high_noise,123,2400,interleaved,25,35,0.76,0.25,100,20,0.05,0.12,0.08,8,75.0,45.0,0.55,0.95,20,30,55,20,1,fa6cbd5571184daf2ddbebd319aaf6614c276f9b,1721c96c01e188569f0e7bb16b1ea493,3.12.0,2026-08-25 00:07:03,PLANNED,experiments\results\raw\static_high_noise_seed123_*.csv,experiments\results\aggregated\static_high_noise_seed123_*.json
static_high_noise_seed456,static,high_noise,456,2400,interleaved,25,35,0.76,0.25,100,20,0.05,0.12,0.08,8,75.0,45.0,0.55,0.95,20,30,55,20,1,fa6cbd5571184daf2ddbebd319aaf6614c276f9b,1721c96c01e188569f0e7bb16b1ea493,3.12.0,2026-08-25 00:07:03,PLANNED,experiments\results\raw\static_high_noise_seed456_*.csv,experiments\results\aggregated\static_high_noise_seed456_*.json
static_sensor_failure_seed42,static,sensor_failure,42,2400,interleaved,25,35,0.76,0.25,100,20,0.05,0.12,0.08,8,75.0,45.0,0.55,0.95,20,30,55,20,1,fa6cbd5571184daf2ddbebd319aaf6614c276f9b,1721c96c01e188569f0e7bb16b1ea493,3.12.0,2026-08-25 00:07:03,PLANNED,experiments\results\raw\static_sensor_failure_seed42_*.csv,experiments\results\aggregated\static_sensor_failure_seed42_*.json
static_sensor_failure_seed123,static,sensor_failure,123,2400,interleaved,25,35,0.76,0.25,100,20,0.05,0.12,0.08,8,75.0,45.0,0.55,0.95,20,30,55,20,1,fa6cbd5571184daf2ddbebd319aaf6614c276f9b,1721c96c01e188569f0e7bb16b1ea493,3.12.0,2026-08-25 00:07:03,PLANNED,experiments\results\raw\static_sensor_failure_seed123_*.csv,experiments\results\aggregated\static_sensor_failure_seed123_*.json
static_sensor_failure_seed456,static,sensor_failure,456,2400,interleaved,25,35,0.76,0.25,100,20,0.05,0.12,0.08,8,75.0,45.0,0.55,0.95,20,30,55,20,1,fa6cbd5571184daf2ddbebd319aaf6614c276f9b,1721c96c01e188569f0e7bb16b1ea493,3.12.0,2026-08-25 00:07:03,PLANNED,experiments\results\raw\static_sensor_failure_seed456_*.csv,experiments\results\aggregated\static_sensor_failure_seed456_*.json
static_concept_drift_seed42,static,concept_drift,42,2400,interleaved,25,35,0.76,0.25,100,20,0.05,0.12,0.08,8,75.0,45.0,0.55,0.95,20,30,55,20,1,fa6cbd5571184daf2ddbebd319aaf6614c276f9b,1721c96c01e188569f0e7bb16b1ea493,3.12.0,2026-08-25 00:07:03,PLANNED,experiments\results\raw\static_concept_drift_seed42_*.csv,experiments\results\aggregated\static_concept_drift_seed42_*.json
static_concept_drift_seed123,static,concept_drift,123,2400,interleaved,25,35,0.76,0.25,100,20,0.05,0.12,0.08,8,75.0,45.0,0.55,0.95,20,30,55,20,1,fa6cbd5571184daf2ddbebd319aaf6614c276f9b,1721c96c01e188569f0e7bb16b1ea493,3.12.0,2026-08-25 00:07:03,PLANNED,experiments\results\raw\static_concept_drift_seed123_*.csv,experiments\results\aggregated\static_concept_drift_seed123_*.json
static_concept_drift_seed456,static,concept_drift,456,2400,interleaved,25,35,0.76,0.25,100,20,0.05,0.12,0.08,8,75.0,45.0,0.55,0.95,20,30,55,20,1,fa6cbd5571184daf2ddbebd319aaf6614c276f9b,1721c96c01e188569f0e7bb16b1ea493,3.12.0,2026-08-25 00:07:03,PLANNED,experiments\results\raw\static_concept_drift_seed456_*.csv,experiments\results\aggregated\static_concept_drift_seed456_*.json
static_correlated_drift_seed42,static,correlated_drift,42,2400,interleaved,25,35,0.76,0.25,100,20,0.05,0.12,0.08,8,75.0,45.0,0.55,0.95,20,30,55,20,1,fa6cbd5571184daf2ddbebd319aaf6614c276f9b,1721c96c01e188569f0e7bb16b1ea493,3.12.0,2026-08-25 00:07:03,PLANNED,experiments\results\raw\static_correlated_drift_seed42_*.csv,experiments\results\aggregated\static_correlated_drift_seed42_*.json
static_correlated_drift_seed123,static,correlated_drift,123,2400,interleaved,25,35,0.76,0.25,100,20,0.05,0.12,0.08,8,75.0,45.0,0.55,0.95,20,30,55,20,1,fa6cbd5571184daf2ddbebd319aaf6614c276f9b,1721c96c01e188569f0e7bb16b1ea493,3.12.0,2026-08-25 00:07:03,PLANNED,experiments\results\raw\static_correlated_drift_seed123_*.csv,experiments\results\aggregated\static_correlated_drift_seed123_*.json
static_correlated_drift_seed456,static,correlated_drift,456,2400,interleaved,25,35,0.76,0.25,100,20,0.05,0.12,0.08,8,75.0,45.0,0.55,0.95,20,30,55,20,1,fa6cbd5571184daf2ddbebd319aaf6614c276f9b,1721c96c01e188569f0e7bb16b1ea493,3.12.0,2026-08-25 00:07:03,PLANNED,experiments\results\raw\static_correlated_drift_seed456_*.csv,experiments\results\aggregated\static_correlated_drift_seed456_*.json
static_intermittent_spikes_seed42,static,intermittent_spikes,42,2400,interleaved,25,35,0.76,0.25,100,20,0.05,0.12,0.08,8,75.0,45.0,0.55,0.95,20,30,55,20,1,fa6cbd5571184daf2ddbebd319aaf6614c276f9b,1721c96c01e188569f0e7bb16b1ea493,3.12.0,2026-08-25 00:07:03,PLANNED,experiments\results\raw\static_intermittent_spikes_seed42_*.csv,experiments\results\aggregated\static_intermittent_spikes_seed42_*.json
static_intermittent_spikes_seed123,static,intermittent_spikes,123,2400,interleaved,25,35,0.76,0.25,100,20,0.05,0.12,0.08,8,75.0,45.0,0.55,0.95,20,30,55,20,1,fa6cbd5571184daf2ddbebd319aaf6614c276f9b,1721c96c01e188569f0e7bb16b1ea493,3.12.0,2026-08-25 00:07:03,PLANNED,experiments\results\raw\static_intermittent_spikes_seed123_*.csv,experiments\results\aggregated\static_intermittent_spikes_seed123_*.json
static_intermittent_spikes_seed456,static,intermittent_spikes,456,2400,interleaved,25,35,0.76,0.25,100,20,0.05,0.12,0.08,8,75.0,45.0,0.55,0.95,20,30,55,20,1,fa6cbd5571184daf2ddbebd319aaf6614c276f9b,1721c96c01e188569f0e7bb16b1ea493,3.12.0,2026-08-25 00:07:03,PLANNED,experiments\results\raw\static_intermittent_spikes_seed456_*.csv,experiments\results\aggregated\static_intermittent_spikes_seed456_*.json
static_drift_recovery_seed42,static,drift_recovery,42,2400,interleaved,25,35,0.76,0.25,100,20,0.05,0.12,0.08,8,75.0,45.0,0.55,0.95,20,30,55,20,1,fa6cbd5571184daf2ddbebd319aaf6614c276f9b,1721c96c01e188569f0e7bb16b1ea493,3.12.0,2026-08-25 00:07:03,PLANNED,experiments\results\raw\static_drift_recovery_seed42_*.csv,experiments\results\aggregated\static_drift_recovery_seed42_*.json
static_drift_recovery_seed123,static,drift_recovery,123,2400,interleaved,25,35,0.76,0.25,100,20,0.05,0.12,0.08,8,75.0,45.0,0.55,0.95,20,30,55,20,1,fa6cbd5571184daf2ddbebd319aaf6614c276f9b,1721c96c01e188569f0e7bb16b1ea493,3.12.0,2026-08-25 00:07:03,PLANNED,experiments\results\raw\static_drift_recovery_seed123_*.csv,experiments\results\aggregated\static_drift_recovery_seed123_*.json
static_drift_recovery_seed456,static,drift_recovery,456,2400,interleaved,25,35,0.76,0.25,100,20,0.05,0.12,0.08,8,75.0,45.0,0.55,0.95,20,30,55,20,1,fa6cbd5571184daf2ddbebd319aaf6614c276f9b,1721c96c01e188569f0e7bb16b1ea493,3.12.0,2026-08-25 00:07:03,PLANNED,experiments\results\raw\static_drift_recovery_seed456_*.csv,experiments\results\aggregated\static_drift_recovery_seed456_*.json
scheduled_gradual_drift_seed42,scheduled,gradual_drift,42,2400,interleaved,25,35,0.76,0.25,100,20,0.05,0.12,0.08,8,75.0,45.0,0.55,0.95,20,30,55,20,1,fa6cbd5571184daf2ddbebd319aaf6614c276f9b,1721c96c01e188569f0e7bb16b1ea493,3.12.0,2026-08-25 00:07:03,PLANNED,experiments\results\raw\scheduled_gradual_drift_seed42_*.csv,experiments\results\aggregated\scheduled_gradual_drift_seed42_*.json
scheduled_gradual_drift_seed123,scheduled,gradual_drift,123,2400,interleaved,25,35,0.76,0.25,100,20,0.05,0.12,0.08,8,75.0,45.0,0.55,0.95,20,30,55,20,1,fa6cbd5571184daf2ddbebd319aaf6614c276f9b,1721c96c01e188569f0e7bb16b1ea493,3.12.0,2026-08-25 00:07:03,PLANNED,experiments\results\raw\scheduled_gradual_drift_seed123_*.csv,experiments\results\aggregated\scheduled_gradual_drift_seed123_*.json
scheduled_gradual_drift_seed456,scheduled,gradual_drift,456,2400,interleaved,25,35,0.76,0.25,100,20,0.05,0.12,0.08,8,75.0,45.0,0.55,0.95,20,30,55,20,1,fa6cbd5571184daf2ddbebd319aaf6614c276f9b,1721c96c01e188569f0e7bb16b1ea493,3.12.0,2026-08-25 00:07:03,PLANNED,experiments\results\raw\scheduled_gradual_drift_seed456_*.csv,experiments\results\aggregated\scheduled_gradual_drift_seed456_*.json
scheduled_sudden_spike_seed42,scheduled,sudden_spike,42,2400,interleaved,25,35,0.76,0.25,100,20,0.05,0.12,0.08,8,75.0,45.0,0.55,0.95,20,30,55,20,1,fa6cbd5571184daf2ddbebd319aaf6614c276f9b,1721c96c01e188569f0e7bb16b1ea493,3.12.0,2026-08-25 00:07:03,PLANNED,experiments\results\raw\scheduled_sudden_spike_seed42_*.csv,experiments\results\aggregated\scheduled_sudden_spike_seed42_*.json
scheduled_sudden_spike_seed123,scheduled,sudden_spike,123,2400,interleaved,25,35,0.76,0.25,100,20,0.05,0.12,0.08,8,75.0,45.0,0.55,0.95,20,30,55,20,1,fa6cbd5571184daf2ddbebd319aaf6614c276f9b,1721c96c01e188569f0e7bb16b1ea493,3.12.0,2026-08-25 00:07:03,PLANNED,experiments\results\raw\scheduled_sudden_spike_seed123_*.csv,experiments\results\aggregated\scheduled_sudden_spike_seed123_*.json
scheduled_sudden_spike_seed456,scheduled,sudden_spike,456,2400,interleaved,25,35,0.76,0.25,100,20,0.05,0.12,0.08,8,75.0,45.0,0.55,0.95,20,30,55,20,1,fa6cbd5571184daf2ddbebd319aaf6614c276f9b,1721c96c01e188569f0e7bb16b1ea493,3.12.0,2026-08-25 00:07:03,PLANNED,experiments\results\raw\scheduled_sudden_spike_seed456_*.csv,experiments\results\aggregated\scheduled_sudden_spike_seed456_*.json
scheduled_high_noise_seed42,scheduled,high_noise,42,2400,interleaved,25,35,0.76,0.25,100,20,0.05,0.12,0.08,8,75.0,45.0,0.55,0.95,20,30,55,20,1,fa6cbd5571184daf2ddbebd319aaf6614c276f9b,1721c96c01e188569f0e7bb16b1ea493,3.12.0,2026-08-25 00:07:03,PLANNED,experiments\results\raw\scheduled_high_noise_seed42_*.csv,experiments\results\aggregated\scheduled_high_noise_seed42_*.json
scheduled_high_noise_seed123,scheduled,high_noise,123,2400,interleaved,25,35,0.76,0.25,100,20,0.05,0.12,0.08,8,75.0,45.0,0.55,0.95,20,30,55,20,1,fa6cbd5571184daf2ddbebd319aaf6614c276f9b,1721c96c01e188569f0e7bb16b1ea493,3.12.0,2026-08-25 00:07:03,PLANNED,experiments\results\raw\scheduled_high_noise_seed123_*.csv,experiments\results\aggregated\scheduled_high_noise_seed123_*.json
scheduled_high_noise_seed456,scheduled,high_noise,456,2400,interleaved,25,35,0.76,0.25,100,20,0.05,0.12,0.08,8,75.0,45.0,0.55,0.95,20,30,55,20,1,fa6cbd5571184daf2ddbebd319aaf6614c276f9b,1721c96c01e188569f0e7bb16b1ea493,3.12.0,2026-08-25 00:07:03,PLANNED,experiments\results\raw\scheduled_high_noise_seed456_*.csv,experiments\results\aggregated\scheduled_high_noise_seed456_*.json
scheduled_sensor_failure_seed42,scheduled,sensor_failure,42,2400,interleaved,25,35,0.76,0.25,100,20,0.05,0.12,0.08,8,75.0,45.0,0.55,0.95,20,30,55,20,1,fa6cbd5571184daf2ddbebd319aaf6614c276f9b,1721c96c01e188569f0e7bb16b1ea493,3.12.0,2026-08-25 00:07:03,PLANNED,experiments\results\raw\scheduled_sensor_failure_seed42_*.csv,experiments\results\aggregated\scheduled_sensor_failure_seed42_*.json
scheduled_sensor_failure_seed123,scheduled,sensor_failure,123,2400,interleaved,25,35,0.76,0.25,100,20,0.05,0.12,0.08,8,75.0,45.0,0.55,0.95,20,30,55,20,1,fa6cbd5571184daf2ddbebd319aaf6614c276f9b,1721c96c01e188569f0e7bb16b1ea493,3.12.0,2026-08-25 00:07:03,PLANNED,experiments\results\raw\scheduled_sensor_failure_seed123_*.csv,experiments\results\aggregated\scheduled_sensor_failure_seed123_*.json
scheduled_sensor_failure_seed456,scheduled,sensor_failure,456,2400,interleaved,25,35,0.76,0.25,100,20,0.05,0.12,0.08,8,75.0,45.0,0.55,0.95,20,30,55,20,1,fa6cbd5571184daf2ddbebd319aaf6614c276f9b,1721c96c01e188569f0e7bb16b1ea493,3.12.0,2026-08-25 00:07:03,PLANNED,experiments\results\raw\scheduled_sensor_failure_seed456_*.csv,experiments\results\aggregated\scheduled_sensor_failure_seed456_*.json
scheduled_concept_drift_seed42,scheduled,concept_drift,42,2400,interleaved,25,35,0.76,0.25,100,20,0.05,0.12,0.08,8,75.0,45.0,0.55,0.95,20,30,55,20,1,fa6cbd5571184daf2ddbebd319aaf6614c276f9b,1721c96c01e188569f0e7bb16b1ea493,3.12.0,2026-08-25 00:07:03,PLANNED,experiments\results\raw\scheduled_concept_drift_seed42_*.csv,experiments\results\aggregated\scheduled_concept_drift_seed42_*.json
scheduled_concept_drift_seed123,scheduled,concept_drift,123,2400,interleaved,25,35,0.76,0.25,100,20,0.05,0.12,0.08,8,75.0,45.0,0.55,0.95,20,30,55,20,1,fa6cbd5571184daf2ddbebd319aaf6614c276f9b,1721c96c01e188569f0e7bb16b1ea493,3.12.0,2026-08-25 00:07:03,PLANNED,experiments\results\raw\scheduled_concept_drift_seed123_*.csv,experiments\results\aggregated\scheduled_concept_drift_seed123_*.json
scheduled_concept_drift_seed456,scheduled,concept_drift,456,2400,interleaved,25,35,0.76,0.25,100,20,0.05,0.12,0.08,8,75.0,45.0,0.55,0.95,20,30,55,20,1,fa6cbd5571184daf2ddbebd319aaf6614c276f9b,1721c96c01e188569f0e7bb16b1ea493,3.12.0,2026-08-25 00:07:03,PLANNED,experiments\results\raw\scheduled_concept_drift_seed456_*.csv,experiments\results\aggregated\scheduled_concept_drift_seed456_*.json
scheduled_correlated_drift_seed42,scheduled,correlated_drift,42,2400,interleaved,25,35,0.76,0.25,100,20,0.05,0.12,0.08,8,75.0,45.0,0.55,0.95,20,30,55,20,1,fa6cbd5571184daf2ddbebd319aaf6614c276f9b,1721c96c01e188569f0e7bb16b1ea493,3.12.0,2026-08-25 00:07:03,PLANNED,experiments\results\raw\scheduled_correlated_drift_seed42_*.csv,experiments\results\aggregated\scheduled_correlated_drift_seed42_*.json
scheduled_correlated_drift_seed123,scheduled,correlated_drift,123,2400,interleaved,25,35,0.76,0.25,100,20,0.05,0.12,0.08,8,75.0,45.0,0.55,0.95,20,30,55,20,1,fa6cbd5571184daf2ddbebd319aaf6614c276f9b,1721c96c01e188569f0e7bb16b1ea493,3.12.0,2026-08-25 00:07:03,PLANNED,experiments\results\raw\scheduled_correlated_drift_seed123_*.csv,experiments\results\aggregated\scheduled_correlated_drift_seed123_*.json
scheduled_correlated_drift_seed456,scheduled,correlated_drift,456,2400,interleaved,25,35,0.76,0.25,100,20,0.05,0.12,0.08,8,75.0,45.0,0.55,0.95,20,30,55,20,1,fa6cbd5571184daf2ddbebd319aaf6614c276f9b,1721c96c01e188569f0e7bb16b1ea493,3.12.0,2026-08-25 00:07:03,PLANNED,experiments\results\raw\scheduled_correlated_drift_seed456_*.csv,experiments\results\aggregated\scheduled_correlated_drift_seed456_*.json
scheduled_intermittent_spikes_seed42,scheduled,intermittent_spikes,42,2400,interleaved,25,35,0.76,0.25,100,20,0.05,0.12,0.08,8,75.0,45.0,0.55,0.95,20,30,55,20,1,fa6cbd5571184daf2ddbebd319aaf6614c276f9b,1721c96c01e188569f0e7bb16b1ea493,3.12.0,2026-08-25 00:07:03,PLANNED,experiments\results\raw\scheduled_intermittent_spikes_seed42_*.csv,experiments\results\aggregated\scheduled_intermittent_spikes_seed42_*.json
scheduled_intermittent_spikes_seed123,scheduled,intermittent_spikes,123,2400,interleaved,25,35,0.76,0.25,100,20,0.05,0.12,0.08,8,75.0,45.0,0.55,0.95,20,30,55,20,1,fa6cbd5571184daf2ddbebd319aaf6614c276f9b,1721c96c01e188569f0e7bb16b1ea493,3.12.0,2026-08-25 00:07:03,PLANNED,experiments\results\raw\scheduled_intermittent_spikes_seed123_*.csv,experiments\results\aggregated\scheduled_intermittent_spikes_seed123_*.json
scheduled_intermittent_spikes_seed456,scheduled,intermittent_spikes,456,2400,interleaved,25,35,0.76,0.25,100,20,0.05,0.12,0.08,8,75.0,45.0,0.55,0.95,20,30,55,20,1,fa6cbd5571184daf2ddbebd319aaf6614c276f9b,1721c96c01e188569f0e7bb16b1ea493,3.12.0,2026-08-25 00:07:03,PLANNED,experiments\results\raw\scheduled_intermittent_spikes_seed456_*.csv,experiments\results\aggregated\scheduled_intermittent_spikes_seed456_*.json
scheduled_drift_recovery_seed42,scheduled,drift_recovery,42,2400,interleaved,25,35,0.76,0.25,100,20,0.05,0.12,0.08,8,75.0,45.0,0.55,0.95,20,30,55,20,1,fa6cbd5571184daf2ddbebd319aaf6614c276f9b,1721c96c01e188569f0e7bb16b1ea493,3.12.0,2026-08-25 00:07:03,PLANNED,experiments\results\raw\scheduled_drift_recovery_seed42_*.csv,experiments\results\aggregated\scheduled_drift_recovery_seed42_*.json
scheduled_drift_recovery_seed123,scheduled,drift_recovery,123,2400,interleaved,25,35,0.76,0.25,100,20,0.05,0.12,0.08,8,75.0,45.0,0.55,0.95,20,30,55,20,1,fa6cbd5571184daf2ddbebd319aaf6614c276f9b,1721c96c01e188569f0e7bb16b1ea493,3.12.0,2026-08-25 00:07:03,PLANNED,experiments\results\raw\scheduled_drift_recovery_seed123_*.csv,experiments\results\aggregated\scheduled_drift_recovery_seed123_*.json
scheduled_drift_recovery_seed456,scheduled,drift_recovery,456,2400,interleaved,25,35,0.76,0.25,100,20,0.05,0.12,0.08,8,75.0,45.0,0.55,0.95,20,30,55,20,1,fa6cbd5571184daf2ddbebd319aaf6614c276f9b,1721c96c01e188569f0e7bb16b1ea493,3.12.0,2026-08-25 00:07:03,PLANNED,experiments\results\raw\scheduled_drift_recovery_seed456_*.csv,experiments\results\aggregated\scheduled_drift_recovery_seed456_*.json
naive_adaptive_gradual_drift_seed42,naive_adaptive,gradual_drift,42,2400,interleaved,25,35,0.76,0.25,100,20,0.05,0.12,0.08,8,75.0,45.0,0.55,0.95,20,30,55,20,1,fa6cbd5571184daf2ddbebd319aaf6614c276f9b,1721c96c01e188569f0e7bb16b1ea493,3.12.0,2026-08-25 00:07:03,PLANNED,experiments\results\raw\naive_adaptive_gradual_drift_seed42_*.csv,experiments\results\aggregated\naive_adaptive_gradual_drift_seed42_*.json
naive_adaptive_gradual_drift_seed123,naive_adaptive,gradual_drift,123,2400,interleaved,25,35,0.76,0.25,100,20,0.05,0.12,0.08,8,75.0,45.0,0.55,0.95,20,30,55,20,1,fa6cbd5571184daf2ddbebd319aaf6614c276f9b,1721c96c01e188569f0e7bb16b1ea493,3.12.0,2026-08-25 00:07:03,PLANNED,experiments\results\raw\naive_adaptive_gradual_drift_seed123_*.csv,experiments\results\aggregated\naive_adaptive_gradual_drift_seed123_*.json
naive_adaptive_gradual_drift_seed456,naive_adaptive,gradual_drift,456,2400,interleaved,25,35,0.76,0.25,100,20,0.05,0.12,0.08,8,75.0,45.0,0.55,0.95,20,30,55,20,1,fa6cbd5571184daf2ddbebd319aaf6614c276f9b,1721c96c01e188569f0e7bb16b1ea493,3.12.0,2026-08-25 00:07:03,PLANNED,experiments\results\raw\naive_adaptive_gradual_drift_seed456_*.csv,experiments\results\aggregated\naive_adaptive_gradual_drift_seed456_*.json
naive_adaptive_sudden_spike_seed42,naive_adaptive,sudden_spike,42,2400,interleaved,25,35,0.76,0.25,100,20,0.05,0.12,0.08,8,75.0,45.0,0.55,0.95,20,30,55,20,1,fa6cbd5571184daf2ddbebd319aaf6614c276f9b,1721c96c01e188569f0e7bb16b1ea493,3.12.0,2026-08-25 00:07:03,PLANNED,experiments\results\raw\naive_adaptive_sudden_spike_seed42_*.csv,experiments\results\aggregated\naive_adaptive_sudden_spike_seed42_*.json
naive_adaptive_sudden_spike_seed123,naive_adaptive,sudden_spike,123,2400,interleaved,25,35,0.76,0.25,100,20,0.05,0.12,0.08,8,75.0,45.0,0.55,0.95,20,30,55,20,1,fa6cbd5571184daf2ddbebd319aaf6614c276f9b,1721c96c01e188569f0e7bb16b1ea493,3.12.0,2026-08-25 00:07:03,PLANNED,experiments\results\raw\naive_adaptive_sudden_spike_seed123_*.csv,experiments\results\aggregated\naive_adaptive_sudden_spike_seed123_*.json
naive_adaptive_sudden_spike_seed456,naive_adaptive,sudden_spike,456,2400,interleaved,25,35,0.76,0.25,100,20,0.05,0.12,0.08,8,75.0,45.0,0.55,0.95,20,30,55,20,1,fa6cbd5571184daf2ddbebd319aaf6614c276f9b,1721c96c01e188569f0e7bb16b1ea493,3.12.0,2026-08-25 00:07:03,PLANNED,experiments\results\raw\naive_adaptive_sudden_spike_seed456_*.csv,experiments\results\aggregated\naive_adaptive_sudden_spike_seed456_*.json
naive_adaptive_high_noise_seed42,naive_adaptive,high_noise,42,2400,interleaved,25,35,0.76,0.25,100,20,0.05,0.12,0.08,8,75.0,45.0,0.55,0.95,20,30,55,20,1,fa6cbd5571184daf2ddbebd319aaf6614c276f9b,1721c96c01e188569f0e7bb16b1ea493,3.12.0,2026-08-25 00:07:03,PLANNED,experiments\results\raw\naive_adaptive_high_noise_seed42_*.csv,experiments\results\aggregated\naive_adaptive_high_noise_seed42_*.json
naive_adaptive_high_noise_seed123,naive_adaptive,high_noise,123,2400,interleaved,25,35,0.76,0.25,100,20,0.05,0.12,0.08,8,75.0,45.0,0.55,0.95,20,30,55,20,1,fa6cbd5571184daf2ddbebd319aaf6614c276f9b,1721c96c01e188569f0e7bb16b1ea493,3.12.0,2026-08-25 00:07:03,PLANNED,experiments\results\raw\naive_adaptive_high_noise_seed123_*.csv,experiments\results\aggregated\naive_adaptive_high_noise_seed123_*.json
naive_adaptive_high_noise_seed456,naive_adaptive,high_noise,456,2400,interleaved,25,35,0.76,0.25,100,20,0.05,0.12,0.08,8,75.0,45.0,0.55,0.95,20,30,55,20,1,fa6cbd5571184daf2ddbebd319aaf6614c276f9b,1721c96c01e188569f0e7bb16b1ea493,3.12.0,2026-08-25 00:07:03,PLANNED,experiments\results\raw\naive_adaptive_high_noise_seed456_*.csv,experiments\results\aggregated\naive_adaptive_high_noise_seed456_*.json
naive_adaptive_sensor_failure_seed42,naive_adaptive,sensor_failure,42,2400,interleaved,25,35,0.76,0.25,100,20,0.05,0.12,0.08,8,75.0,45.0,0.55,0.95,20,30,55,20,1,fa6cbd5571184daf2ddbebd319aaf6614c276f9b,1721c96c01e188569f0e7bb16b1ea493,3.12.0,2026-08-25 00:07:03,PLANNED,experiments\results\raw\naive_adaptive_sensor_failure_seed42_*.csv,experiments\results\aggregated\naive_adaptive_sensor_failure_seed42_*.json
naive_adaptive_sensor_failure_seed123,naive_adaptive,sensor_failure,123,2400,interleaved,25,35,0.76,0.25,100,20,0.05,0.12,0.08,8,75.0,45.0,0.55,0.95,20,30,55,20,1,fa6cbd5571184daf2ddbebd319aaf6614c276f9b,1721c96c01e188569f0e7bb16b1ea493,3.12.0,2026-08-25 00:07:03,PLANNED,experiments\results\raw\naive_adaptive_sensor_failure_seed123_*.csv,experiments\results\aggregated\naive_adaptive_sensor_failure_seed123_*.json
naive_adaptive_sensor_failure_seed456,naive_adaptive,sensor_failure,456,2400,interleaved,25,35,0.76,0.25,100,20,0.05,0.12,0.08,8,75.0,45.0,0.55,0.95,20,30,55,20,1,fa6cbd5571184daf2ddbebd319aaf6614c276f9b,1721c96c01e188569f0e7bb16b1ea493,3.12.0,2026-08-25 00:07:03,PLANNED,experiments\results\raw\naive_adaptive_sensor_failure_seed456_*.csv,experiments\results\aggregated\naive_adaptive_sensor_failure_seed456_*.json
naive_adaptive_concept_drift_seed42,naive_adaptive,concept_drift,42,2400,interleaved,25,35,0.76,0.25,100,20,0.05,0.12,0.08,8,75.0,45.0,0.55,0.95,20,30,55,20,1,fa6cbd5571184daf2ddbebd319aaf6614c276f9b,1721c96c01e188569f0e7bb16b1ea493,3.12.0,2026-08-25 00:07:03,PLANNED,experiments\results\raw\naive_adaptive_concept_drift_seed42_*.csv,experiments\results\aggregated\naive_adaptive_concept_drift_seed42_*.json
naive_adaptive_concept_drift_seed123,naive_adaptive,concept_drift,123,2400,interleaved,25,35,0.76,0.25,100,20,0.05,0.12,0.08,8,75.0,45.0,0.55,0.95,20,30,55,20,1,fa6cbd5571184daf2ddbebd319aaf6614c276f9b,1721c96c01e188569f0e7bb16b1ea493,3.12.0,2026-08-25 00:07:03,PLANNED,experiments\results\raw\naive_adaptive_concept_drift_seed123_*.csv,experiments\results\aggregated\naive_adaptive_concept_drift_seed123_*.json
naive_adaptive_concept_drift_seed456,naive_adaptive,concept_drift,456,2400,interleaved,25,35,0.76,0.25,100,20,0.05,0.12,0.08,8,75.0,45.0,0.55,0.95,20,30,55,20,1,fa6cbd5571184daf2ddbebd319aaf6614c276f9b,1721c96c01e188569f0e7bb16b1ea493,3.12.0,2026-08-25 00:07:03,PLANNED,experiments\results\raw\naive_adaptive_concept_drift_seed456_*.csv,experiments\results\aggregated\naive_adaptive_concept_drift_seed456_*.json
naive_adaptive_correlated_drift_seed42,naive_adaptive,correlated_drift,42,2400,interleaved,25,35,0.76,0.25,100,20,0.05,0.12,0.08,8,75.0,45.0,0.55,0.95,20,30,55,20,1,fa6cbd5571184daf2ddbebd319aaf6614c276f9b,1721c96c01e188569f0e7bb16b1ea493,3.12.0,2026-08-25 00:07:03,PLANNED,experiments\results\raw\naive_adaptive_correlated_drift_seed42_*.csv,experiments\results\aggregated\naive_adaptive_correlated_drift_seed42_*.json
naive_adaptive_correlated_drift_seed123,naive_adaptive,correlated_drift,123,2400,interleaved,25,35,0.76,0.25,100,20,0.05,0.12,0.08,8,75.0,45.0,0.55,0.95,20,30,55,20,1,fa6cbd5571184daf2ddbebd319aaf6614c276f9b,1721c96c01e188569f0e7bb16b1ea493,3.12.0,2026-08-25 00:07:03,PLANNED,experiments\results\raw\naive_adaptive_correlated_drift_seed123_*.csv,experiments\results\aggregated\naive_adaptive_correlated_drift_seed123_*.json
naive_adaptive_correlated_drift_seed456,naive_adaptive,correlated_drift,456,2400,interleaved,25,35,0.76,0.25,100,20,0.05,0.12,0.08,8,75.0,45.0,0.55,0.95,20,30,55,20,1,fa6cbd5571184daf2ddbebd319aaf6614c276f9b,1721c96c01e188569f0e7bb16b1ea493,3.12.0,2026-08-25 00:07:03,PLANNED,experiments\results\raw\naive_adaptive_correlated_drift_seed456_*.csv,experiments\results\aggregated\naive_adaptive_correlated_drift_seed456_*.json
naive_adaptive_intermittent_spikes_seed42,naive_adaptive,intermittent_spikes,42,2400,interleaved,25,35,0.76,0.25,100,20,0.05,0.12,0.08,8,75.0,45.0,0.55,0.95,20,30,55,20,1,fa6cbd5571184daf2ddbebd319aaf6614c276f9b,1721c96c01e188569f0e7bb16b1ea493,3.12.0,2026-08-25 00:07:03,PLANNED,experiments\results\raw\naive_adaptive_intermittent_spikes_seed42_*.csv,experiments\results\aggregated\naive_adaptive_intermittent_spikes_seed42_*.json
naive_adaptive_intermittent_spikes_seed123,naive_adaptive,intermittent_spikes,123,2400,interleaved,25,35,0.76,0.25,100,20,0.05,0.12,0.08,8,75.0,45.0,0.55,0.95,20,30,55,20,1,fa6cbd5571184daf2ddbebd319aaf6614c276f9b,1721c96c01e188569f0e7bb16b1ea493,3.12.0,2026-08-25 00:07:03,PLANNED,experiments\results\raw\naive_adaptive_intermittent_spikes_seed123_*.csv,experiments\results\aggregated\naive_adaptive_intermittent_spikes_seed123_*.json
naive_adaptive_intermittent_spikes_seed456,naive_adaptive,intermittent_spikes,456,2400,interleaved,25,35,0.76,0.25,100,20,0.05,0.12,0.08,8,75.0,45.0,0.55,0.95,20,30,55,20,1,fa6cbd5571184daf2ddbebd319aaf6614c276f9b,1721c96c01e188569f0e7bb16b1ea493,3.12.0,2026-08-25 00:07:03,PLANNED,experiments\results\raw\naive_adaptive_intermittent_spikes_seed456_*.csv,experiments\results\aggregated\naive_adaptive_intermittent_spikes_seed456_*.json
naive_adaptive_drift_recovery_seed42,naive_adaptive,drift_recovery,42,2400,interleaved,25,35,0.76,0.25,100,20,0.05,0.12,0.08,8,75.0,45.0,0.55,0.95,20,30,55,20,1,fa6cbd5571184daf2ddbebd319aaf6614c276f9b,1721c96c01e188569f0e7bb16b1ea493,3.12.0,2026-08-25 00:07:03,PLANNED,experiments\results\raw\naive_adaptive_drift_recovery_seed42_*.csv,experiments\results\aggregated\naive_adaptive_drift_recovery_seed42_*.json
naive_adaptive_drift_recovery_seed123,naive_adaptive,drift_recovery,123,2400,interleaved,25,35,0.76,0.25,100,20,0.05,0.12,0.08,8,75.0,45.0,0.55,0.95,20,30,55,20,1,fa6cbd5571184daf2ddbebd319aaf6614c276f9b,1721c96c01e188569f0e7bb16b1ea493,3.12.0,2026-08-25 00:07:03,PLANNED,experiments\results\raw\naive_adaptive_drift_recovery_seed123_*.csv,experiments\results\aggregated\naive_adaptive_drift_recovery_seed123_*.json
naive_adaptive_drift_recovery_seed456,naive_adaptive,drift_recovery,456,2400,interleaved,25,35,0.76,0.25,100,20,0.05,0.12,0.08,8,75.0,45.0,0.55,0.95,20,30,55,20,1,fa6cbd5571184daf2ddbebd319aaf6614c276f9b,1721c96c01e188569f0e7bb16b1ea493,3.12.0,2026-08-25 00:07:03,PLANNED,experiments\results\raw\naive_adaptive_drift_recovery_seed456_*.csv,experiments\results\aggregated\naive_adaptive_drift_recovery_seed456_*.json
proposed_gradual_drift_seed42,proposed,gradual_drift,42,2400,interleaved,25,35,0.76,0.25,100,20,0.05,0.12,0.08,8,75.0,45.0,0.55,0.95,20,30,55,20,1,fa6cbd5571184daf2ddbebd319aaf6614c276f9b,1721c96c01e188569f0e7bb16b1ea493,3.12.0,2026-08-25 00:07:03,PLANNED,experiments\results\raw\proposed_gradual_drift_seed42_*.csv,experiments\results\aggregated\proposed_gradual_drift_seed42_*.json
proposed_gradual_drift_seed123,proposed,gradual_drift,123,2400,interleaved,25,35,0.76,0.25,100,20,0.05,0.12,0.08,8,75.0,45.0,0.55,0.95,20,30,55,20,1,fa6cbd5571184daf2ddbebd319aaf6614c276f9b,1721c96c01e188569f0e7bb16b1ea493,3.12.0,2026-08-25 00:07:03,PLANNED,experiments\results\raw\proposed_gradual_drift_seed123_*.csv,experiments\results\aggregated\proposed_gradual_drift_seed123_*.json
proposed_gradual_drift_seed456,proposed,gradual_drift,456,2400,interleaved,25,35,0.76,0.25,100,20,0.05,0.12,0.08,8,75.0,45.0,0.55,0.95,20,30,55,20,1,fa6cbd5571184daf2ddbebd319aaf6614c276f9b,1721c96c01e188569f0e7bb16b1ea493,3.12.0,2026-08-25 00:07:03,PLANNED,experiments\results\raw\proposed_gradual_drift_seed456_*.csv,experiments\results\aggregated\proposed_gradual_drift_seed456_*.json
proposed_sudden_spike_seed42,proposed,sudden_spike,42,2400,interleaved,25,35,0.76,0.25,100,20,0.05,0.12,0.08,8,75.0,45.0,0.55,0.95,20,30,55,20,1,fa6cbd5571184daf2ddbebd319aaf6614c276f9b,1721c96c01e188569f0e7bb16b1ea493,3.12.0,2026-08-25 00:07:03,PLANNED,experiments\results\raw\proposed_sudden_spike_seed42_*.csv,experiments\results\aggregated\proposed_sudden_spike_seed42_*.json
proposed_sudden_spike_seed123,proposed,sudden_spike,123,2400,interleaved,25,35,0.76,0.25,100,20,0.05,0.12,0.08,8,75.0,45.0,0.55,0.95,20,30,55,20,1,fa6cbd5571184daf2ddbebd319aaf6614c276f9b,1721c96c01e188569f0e7bb16b1ea493,3.12.0,2026-08-25 00:07:03,PLANNED,experiments\results\raw\proposed_sudden_spike_seed123_*.csv,experiments\results\aggregated\proposed_sudden_spike_seed123_*.json
proposed_sudden_spike_seed456,proposed,sudden_spike,456,2400,interleaved,25,35,0.76,0.25,100,20,0.05,0.12,0.08,8,75.0,45.0,0.55,0.95,20,30,55,20,1,fa6cbd5571184daf2ddbebd319aaf6614c276f9b,1721c96c01e188569f0e7bb16b1ea493,3.12.0,2026-08-25 00:07:03,PLANNED,experiments\results\raw\proposed_sudden_spike_seed456_*.csv,experiments\results\aggregated\proposed_sudden_spike_seed456_*.json
proposed_high_noise_seed42,proposed,high_noise,42,2400,interleaved,25,35,0.76,0.25,100,20,0.05,0.12,0.08,8,75.0,45.0,0.55,0.95,20,30,55,20,1,fa6cbd5571184daf2ddbebd319aaf6614c276f9b,1721c96c01e188569f0e7bb16b1ea493,3.12.0,2026-08-25 00:07:03,PLANNED,experiments\results\raw\proposed_high_noise_seed42_*.csv,experiments\results\aggregated\proposed_high_noise_seed42_*.json
proposed_high_noise_seed123,proposed,high_noise,123,2400,interleaved,25,35,0.76,0.25,100,20,0.05,0.12,0.08,8,75.0,45.0,0.55,0.95,20,30,55,20,1,fa6cbd5571184daf2ddbebd319aaf6614c276f9b,1721c96c01e188569f0e7bb16b1ea493,3.12.0,2026-08-25 00:07:03,PLANNED,experiments\results\raw\proposed_high_noise_seed123_*.csv,experiments\results\aggregated\proposed_high_noise_seed123_*.json
proposed_high_noise_seed456,proposed,high_noise,456,2400,interleaved,25,35,0.76,0.25,100,20,0.05,0.12,0.08,8,75.0,45.0,0.55,0.95,20,30,55,20,1,fa6cbd5571184daf2ddbebd319aaf6614c276f9b,1721c96c01e188569f0e7bb16b1ea493,3.12.0,2026-08-25 00:07:03,PLANNED,experiments\results\raw\proposed_high_noise_seed456_*.csv,experiments\results\aggregated\proposed_high_noise_seed456_*.json
proposed_sensor_failure_seed42,proposed,sensor_failure,42,2400,interleaved,25,35,0.76,0.25,100,20,0.05,0.12,0.08,8,75.0,45.0,0.55,0.95,20,30,55,20,1,fa6cbd5571184daf2ddbebd319aaf6614c276f9b,1721c96c01e188569f0e7bb16b1ea493,3.12.0,2026-08-25 00:07:03,PLANNED,experiments\results\raw\proposed_sensor_failure_seed42_*.csv,experiments\results\aggregated\proposed_sensor_failure_seed42_*.json
proposed_sensor_failure_seed123,proposed,sensor_failure,123,2400,interleaved,25,35,0.76,0.25,100,20,0.05,0.12,0.08,8,75.0,45.0,0.55,0.95,20,30,55,20,1,fa6cbd5571184daf2ddbebd319aaf6614c276f9b,1721c96c01e188569f0e7bb16b1ea493,3.12.0,2026-08-25 00:07:03,PLANNED,experiments\results\raw\proposed_sensor_failure_seed123_*.csv,experiments\results\aggregated\proposed_sensor_failure_seed123_*.json
proposed_sensor_failure_seed456,proposed,sensor_failure,456,2400,interleaved,25,35,0.76,0.25,100,20,0.05,0.12,0.08,8,75.0,45.0,0.55,0.95,20,30,55,20,1,fa6cbd5571184daf2ddbebd319aaf6614c276f9b,1721c96c01e188569f0e7bb16b1ea493,3.12.0,2026-08-25 00:07:03,PLANNED,experiments\results\raw\proposed_sensor_failure_seed456_*.csv,experiments\results\aggregated\proposed_sensor_failure_seed456_*.json
proposed_concept_drift_seed42,proposed,concept_drift,42,2400,interleaved,25,35,0.76,0.25,100,20,0.05,0.12,0.08,8,75.0,45.0,0.55,0.95,20,30,55,20,1,fa6cbd5571184daf2ddbebd319aaf6614c276f9b,1721c96c01e188569f0e7bb16b1ea493,3.12.0,2026-08-25 00:07:03,PLANNED,experiments\results\raw\proposed_concept_drift_seed42_*.csv,experiments\results\aggregated\proposed_concept_drift_seed42_*.json
proposed_concept_drift_seed123,proposed,concept_drift,123,2400,interleaved,25,35,0.76,0.25,100,20,0.05,0.12,0.08,8,75.0,45.0,0.55,0.95,20,30,55,20,1,fa6cbd5571184daf2ddbebd319aaf6614c276f9b,1721c96c01e188569f0e7bb16b1ea493,3.12.0,2026-08-25 00:07:03,PLANNED,experiments\results\raw\proposed_concept_drift_seed123_*.csv,experiments\results\aggregated\proposed_concept_drift_seed123_*.json
proposed_concept_drift_seed456,proposed,concept_drift,456,2400,interleaved,25,35,0.76,0.25,100,20,0.05,0.12,0.08,8,75.0,45.0,0.55,0.95,20,30,55,20,1,fa6cbd5571184daf2ddbebd319aaf6614c276f9b,1721c96c01e188569f0e7bb16b1ea493,3.12.0,2026-08-25 00:07:03,PLANNED,experiments\results\raw\proposed_concept_drift_seed456_*.csv,experiments\results\aggregated\proposed_concept_drift_seed456_*.json
proposed_correlated_drift_seed42,proposed,correlated_drift,42,2400,interleaved,25,35,0.76,0.25,100,20,0.05,0.12,0.08,8,75.0,45.0,0.55,0.95,20,30,55,20,1,fa6cbd5571184daf2ddbebd319aaf6614c276f9b,1721c96c01e188569f0e7bb16b1ea493,3.12.0,2026-08-25 00:07:03,PLANNED,experiments\results\raw\proposed_correlated_drift_seed42_*.csv,experiments\results\aggregated\proposed_correlated_drift_seed42_*.json
proposed_correlated_drift_seed123,proposed,correlated_drift,123,2400,interleaved,25,35,0.76,0.25,100,20,0.05,0.12,0.08,8,75.0,45.0,0.55,0.95,20,30,55,20,1,fa6cbd5571184daf2ddbebd319aaf6614c276f9b,1721c96c01e188569f0e7bb16b1ea493,3.12.0,2026-08-25 00:07:03,PLANNED,experiments\results\raw\proposed_correlated_drift_seed123_*.csv,experiments\results\aggregated\proposed_correlated_drift_seed123_*.json
proposed_correlated_drift_seed456,proposed,correlated_drift,456,2400,interleaved,25,35,0.76,0.25,100,20,0.05,0.12,0.08,8,75.0,45.0,0.55,0.95,20,30,55,20,1,fa6cbd5571184daf2ddbebd319aaf6614c276f9b,1721c96c01e188569f0e7bb16b1ea493,3.12.0,2026-08-25 00:07:03,PLANNED,experiments\results\raw\proposed_correlated_drift_seed456_*.csv,experiments\results\aggregated\proposed_correlated_drift_seed456_*.json
proposed_intermittent_spikes_seed42,proposed,intermittent_spikes,42,2400,interleaved,25,35,0.76,0.25,100,20,0.05,0.12,0.08,8,75.0,45.0,0.55,0.95,20,30,55,20,1,fa6cbd5571184daf2ddbebd319aaf6614c276f9b,1721c96c01e188569f0e7bb16b1ea493,3.12.0,2026-08-25 00:07:03,PLANNED,experiments\results\raw\proposed_intermittent_spikes_seed42_*.csv,experiments\results\aggregated\proposed_intermittent_spikes_seed42_*.json
proposed_intermittent_spikes_seed123,proposed,intermittent_spikes,123,2400,interleaved,25,35,0.76,0.25,100,20,0.05,0.12,0.08,8,75.0,45.0,0.55,0.95,20,30,55,20,1,fa6cbd5571184daf2ddbebd319aaf6614c276f9b,1721c96c01e188569f0e7bb16b1ea493,3.12.0,2026-08-25 00:07:03,PLANNED,experiments\results\raw\proposed_intermittent_spikes_seed123_*.csv,experiments\results\aggregated\proposed_intermittent_spikes_seed123_*.json
proposed_intermittent_spikes_seed456,proposed,intermittent_spikes,456,2400,interleaved,25,35,0.76,0.25,100,20,0.05,0.12,0.08,8,75.0,45.0,0.55,0.95,20,30,55,20,1,fa6cbd5571184daf2ddbebd319aaf6614c276f9b,1721c96c01e188569f0e7bb16b1ea493,3.12.0,2026-08-25 00:07:03,PLANNED,experiments\results\raw\proposed_intermittent_spikes_seed456_*.csv,experiments\results\aggregated\proposed_intermittent_spikes_seed456_*.json
proposed_drift_recovery_seed42,proposed,drift_recovery,42,2400,interleaved,25,35,0.76,0.25,100,20,0.05,0.12,0.08,8,75.0,45.0,0.55,0.95,20,30,55,20,1,fa6cbd5571184daf2ddbebd319aaf6614c276f9b,1721c96c01e188569f0e7bb16b1ea493,3.12.0,2026-08-25 00:07:03,PLANNED,experiments\results\raw\proposed_drift_recovery_seed42_*.csv,experiments\results\aggregated\proposed_drift_recovery_seed42_*.json
proposed_drift_recovery_seed123,proposed,drift_recovery,123,2400,interleaved,25,35,0.76,0.25,100,20,0.05,0.12,0.08,8,75.0,45.0,0.55,0.95,20,30,55,20,1,fa6cbd5571184daf2ddbebd319aaf6614c276f9b,1721c96c01e188569f0e7bb16b1ea493,3.12.0,2026-08-25 00:07:03,PLANNED,experiments\results\raw\proposed_drift_recovery_seed123_*.csv,experiments\results\aggregated\proposed_drift_recovery_seed123_*.json
proposed_drift_recovery_seed456,proposed,drift_recovery,456,2400,interleaved,25,35,0.76,0.25,100,20,0.05,0.12,0.08,8,75.0,45.0,0.55,0.95,20,30,55,20,1,fa6cbd5571184daf2ddbebd319aaf6614c276f9b,1721c96c01e188569f0e7bb16b1ea493,3.12.0,2026-08-25 00:07:03,PLANNED,experiments\results\raw\proposed_drift_recovery_seed456_*.csv,experiments\results\aggregated\proposed_drift_recovery_seed456_*.json
